"variable","etiqueta","tipo","valores/categorías","unidad","origen","transformación","notas"
"Año","Año","entero","rango observado: 2009–2024","REVISION_MANUAL","Base SIP disponible: Adolescentes.csv","Ninguna en la base fuente; limpieza de espacios solo en encabezados","REVISION_MANUAL: confirmar etiqueta, codificación, unidad y valores faltantes con metadatos institucionales"
"Edad materna","Edad materna","entero","rango observado: 10–19","años","Base SIP disponible: Adolescentes.csv","Ninguna en la base fuente; limpieza de espacios solo en encabezados","REVISION_MANUAL: confirmar etiqueta, codificación, unidad y valores faltantes con metadatos institucionales"
"PAREJA ESTABLE CATEGORIA","PAREJA ESTABLE CATEGORIA","texto/categórico","NO | SI","REVISION_MANUAL","Base SIP disponible: Adolescentes.csv","Ninguna en la base fuente; limpieza de espacios solo en encabezados","REVISION_MANUAL: confirmar etiqueta, codificación, unidad y valores faltantes con metadatos institucionales"
"PAREJA ESTABLE CODIGO","PAREJA ESTABLE CODIGO","entero","rango observado: 0–1","REVISION_MANUAL","Base SIP disponible: Adolescentes.csv","Ninguna en la base fuente; limpieza de espacios solo en encabezados","REVISION_MANUAL: confirmar etiqueta, codificación, unidad y valores faltantes con metadatos institucionales"
"Estudios CODIGO","Estudios CODIGO","entero","rango observado: 0–5","REVISION_MANUAL","Base SIP disponible: Adolescentes.csv","Ninguna en la base fuente; limpieza de espacios solo en encabezados","REVISION_MANUAL: confirmar etiqueta, codificación, unidad y valores faltantes con metadatos institucionales"
"Años estudios mayor nivel","Años estudios mayor nivel","entero","rango observado: 0–10","años","Base SIP disponible: Adolescentes.csv","Ninguna en la base fuente; limpieza de espacios solo en encabezados","REVISION_MANUAL: confirmar etiqueta, codificación, unidad y valores faltantes con metadatos institucionales"
"Etnia CATEGORIA","Etnia CATEGORIA","texto/categórico","blanca | indígena | mestiza | negra | otra","REVISION_MANUAL","Base SIP disponible: Adolescentes.csv","Ninguna en la base fuente; limpieza de espacios solo en encabezados","REVISION_MANUAL: confirmar etiqueta, codificación, unidad y valores faltantes con metadatos institucionales"
"ETNIA CODIGO","ETNIA CODIGO","entero","rango observado: 1–5","REVISION_MANUAL","Base SIP disponible: Adolescentes.csv","Ninguna en la base fuente; limpieza de espacios solo en encabezados","REVISION_MANUAL: confirmar etiqueta, codificación, unidad y valores faltantes con metadatos institucionales"
"ETNIA MINORITARIA","ETNIA MINORITARIA","entero","rango observado: 0–1","REVISION_MANUAL","Base SIP disponible: Adolescentes.csv","Ninguna en la base fuente; limpieza de espacios solo en encabezados","REVISION_MANUAL: confirmar etiqueta, codificación, unidad y valores faltantes con metadatos institucionales"
"Alfabeta","Alfabeta","entero","rango observado: 0–1","REVISION_MANUAL","Base SIP disponible: Adolescentes.csv","Ninguna en la base fuente; limpieza de espacios solo en encabezados","REVISION_MANUAL: confirmar etiqueta, codificación, unidad y valores faltantes con metadatos institucionales"
"CODIGO INFERTILIDAD","CODIGO INFERTILIDAD","entero","rango observado: 0–1","REVISION_MANUAL","Base SIP disponible: Adolescentes.csv","Ninguna en la base fuente; limpieza de espacios solo en encabezados","REVISION_MANUAL: confirmar etiqueta, codificación, unidad y valores faltantes con metadatos institucionales"
"Numero gestas previas","Numero gestas previas","entero","rango observado: 0–5","REVISION_MANUAL","Base SIP disponible: Adolescentes.csv","Ninguna en la base fuente; limpieza de espacios solo en encabezados","REVISION_MANUAL: confirmar etiqueta, codificación, unidad y valores faltantes con metadatos institucionales"
"GESTAS PREVIAS CATEGORIA","GESTAS PREVIAS CATEGORIA","texto/categórico","4 O MAS | NINGUNA | UNO A TRES","REVISION_MANUAL","Base SIP disponible: Adolescentes.csv","Ninguna en la base fuente; limpieza de espacios solo en encabezados","REVISION_MANUAL: confirmar etiqueta, codificación, unidad y valores faltantes con metadatos institucionales"
"Gestas previas CODIGO","Gestas previas CODIGO","entero","rango observado: 0–1","REVISION_MANUAL","Base SIP disponible: Adolescentes.csv","Ninguna en la base fuente; limpieza de espacios solo en encabezados","REVISION_MANUAL: confirmar etiqueta, codificación, unidad y valores faltantes con metadatos institucionales"
"Número Abortos previos","Número Abortos previos","entero","rango observado: 0–4","REVISION_MANUAL","Base SIP disponible: Adolescentes.csv","Ninguna en la base fuente; limpieza de espacios solo en encabezados","REVISION_MANUAL: confirmar etiqueta, codificación, unidad y valores faltantes con metadatos institucionales"
"Abortos previos CATEGORIA","Abortos previos CATEGORIA","texto/categórico"," | No | Si","REVISION_MANUAL","Base SIP disponible: Adolescentes.csv","Ninguna en la base fuente; limpieza de espacios solo en encabezados","REVISION_MANUAL: confirmar etiqueta, codificación, unidad y valores faltantes con metadatos institucionales"
"Abortos previos CODIGO","Abortos previos CODIGO","entero","rango observado: 0–1","REVISION_MANUAL","Base SIP disponible: Adolescentes.csv","Ninguna en la base fuente; limpieza de espacios solo en encabezados","REVISION_MANUAL: confirmar etiqueta, codificación, unidad y valores faltantes con metadatos institucionales"
"Numero de Partos previos","Numero de Partos previos","entero","rango observado: 0–3","REVISION_MANUAL","Base SIP disponible: Adolescentes.csv","Ninguna en la base fuente; limpieza de espacios solo en encabezados","REVISION_MANUAL: confirmar etiqueta, codificación, unidad y valores faltantes con metadatos institucionales"
"Partos previo SI NO","Partos previo SI NO","texto/categórico"," | no | si","REVISION_MANUAL","Base SIP disponible: Adolescentes.csv","Ninguna en la base fuente; limpieza de espacios solo en encabezados","REVISION_MANUAL: confirmar etiqueta, codificación, unidad y valores faltantes con metadatos institucionales"
"CODIGO PARTO PREVIO","CODIGO PARTO PREVIO","entero","rango observado: 0–1","REVISION_MANUAL","Base SIP disponible: Adolescentes.csv","Ninguna en la base fuente; limpieza de espacios solo en encabezados","REVISION_MANUAL: confirmar etiqueta, codificación, unidad y valores faltantes con metadatos institucionales"
"Cesáreas previas CODIGO","Cesáreas previas CODIGO","entero","rango observado: 0–1","REVISION_MANUAL","Base SIP disponible: Adolescentes.csv","Ninguna en la base fuente; limpieza de espacios solo en encabezados","REVISION_MANUAL: confirmar etiqueta, codificación, unidad y valores faltantes con metadatos institucionales"
"Cesáreas previas CATEGORIA","Cesáreas previas CATEGORIA","texto/categórico"," | No | Si","REVISION_MANUAL","Base SIP disponible: Adolescentes.csv","Ninguna en la base fuente; limpieza de espacios solo en encabezados","REVISION_MANUAL: confirmar etiqueta, codificación, unidad y valores faltantes con metadatos institucionales"
"Ant. muertos a. sem.","Ant. muertos a. sem.","entero","rango observado: 0–2","REVISION_MANUAL","Base SIP disponible: Adolescentes.csv","Ninguna en la base fuente; limpieza de espacios solo en encabezados","REVISION_MANUAL: confirmar etiqueta, codificación, unidad y valores faltantes con metadatos institucionales"
"Ant. muertos después a. sem.","Ant. muertos después a. sem.","entero","rango observado: 0–2","REVISION_MANUAL","Base SIP disponible: Adolescentes.csv","Ninguna en la base fuente; limpieza de espacios solo en encabezados","REVISION_MANUAL: confirmar etiqueta, codificación, unidad y valores faltantes con metadatos institucionales"
"Ant. nacidos muertos","Ant. nacidos muertos","entero","rango observado: 0–2","REVISION_MANUAL","Base SIP disponible: Adolescentes.csv","Ninguna en la base fuente; limpieza de espacios solo en encabezados","REVISION_MANUAL: confirmar etiqueta, codificación, unidad y valores faltantes con metadatos institucionales"
"Numero de nacidos vivos","Numero de nacidos vivos","entero","rango observado: 0–3","REVISION_MANUAL","Base SIP disponible: Adolescentes.csv","Ninguna en la base fuente; limpieza de espacios solo en encabezados","REVISION_MANUAL: confirmar etiqueta, codificación, unidad y valores faltantes con metadatos institucionales"
"Antecedentes gemelares CODIGO","Antecedentes gemelares CODIGO","entero","rango observado: 0–1","REVISION_MANUAL","Base SIP disponible: Adolescentes.csv","Ninguna en la base fuente; limpieza de espacios solo en encabezados","REVISION_MANUAL: confirmar etiqueta, codificación, unidad y valores faltantes con metadatos institucionales"
"Eclampsia familiar","Eclampsia familiar","entero","rango observado: 0–1","REVISION_MANUAL","Base SIP disponible: Adolescentes.csv","Ninguna en la base fuente; limpieza de espacios solo en encabezados","REVISION_MANUAL: confirmar etiqueta, codificación, unidad y valores faltantes con metadatos institucionales"
"Preclampsia familiar","Preclampsia familiar","entero","rango observado: 0–1","REVISION_MANUAL","Base SIP disponible: Adolescentes.csv","Ninguna en la base fuente; limpieza de espacios solo en encabezados","REVISION_MANUAL: confirmar etiqueta, codificación, unidad y valores faltantes con metadatos institucionales"
"Diabetes familiar","Diabetes familiar","entero","rango observado: 0–1","REVISION_MANUAL","Base SIP disponible: Adolescentes.csv","Ninguna en la base fuente; limpieza de espacios solo en encabezados","REVISION_MANUAL: confirmar etiqueta, codificación, unidad y valores faltantes con metadatos institucionales"
"Preclampsia personal","Preclampsia personal","entero","rango observado: 0–1","REVISION_MANUAL","Base SIP disponible: Adolescentes.csv","Ninguna en la base fuente; limpieza de espacios solo en encabezados","REVISION_MANUAL: confirmar etiqueta, codificación, unidad y valores faltantes con metadatos institucionales"
"Hipertensión personal","Hipertensión personal","entero","rango observado: 0–1","REVISION_MANUAL","Base SIP disponible: Adolescentes.csv","Ninguna en la base fuente; limpieza de espacios solo en encabezados","REVISION_MANUAL: confirmar etiqueta, codificación, unidad y valores faltantes con metadatos institucionales"
"Eclampsia personal","Eclampsia personal","entero","rango observado: 0–1","REVISION_MANUAL","Base SIP disponible: Adolescentes.csv","Ninguna en la base fuente; limpieza de espacios solo en encabezados","REVISION_MANUAL: confirmar etiqueta, codificación, unidad y valores faltantes con metadatos institucionales"
"Embarazo múltiple CODIGO","Embarazo múltiple CODIGO","entero","rango observado: 0–1","REVISION_MANUAL","Base SIP disponible: Adolescentes.csv","Ninguna en la base fuente; limpieza de espacios solo en encabezados","REVISION_MANUAL: confirmar etiqueta, codificación, unidad y valores faltantes con metadatos institucionales"
"Embarazo planeado","Embarazo planeado","texto/categórico","no | si","REVISION_MANUAL","Base SIP disponible: Adolescentes.csv","Ninguna en la base fuente; limpieza de espacios solo en encabezados","REVISION_MANUAL: confirmar etiqueta, codificación, unidad y valores faltantes con metadatos institucionales"
"Embarazo planeado CODIGO","Embarazo planeado CODIGO","entero","rango observado: 0–1","REVISION_MANUAL","Base SIP disponible: Adolescentes.csv","Ninguna en la base fuente; limpieza de espacios solo en encabezados","REVISION_MANUAL: confirmar etiqueta, codificación, unidad y valores faltantes con metadatos institucionales"
"ANTICONCEPTIVO CODIGO","ANTICONCEPTIVO CODIGO","entero","rango observado: 0–1","REVISION_MANUAL","Base SIP disponible: Adolescentes.csv","Ninguna en la base fuente; limpieza de espacios solo en encabezados","REVISION_MANUAL: confirmar etiqueta, codificación, unidad y valores faltantes con metadatos institucionales"
"FOLATOS CODIGO","FOLATOS CODIGO","entero","rango observado: 0–1","REVISION_MANUAL","Base SIP disponible: Adolescentes.csv","Ninguna en la base fuente; limpieza de espacios solo en encabezados","REVISION_MANUAL: confirmar etiqueta, codificación, unidad y valores faltantes con metadatos institucionales"
"Hierro","Hierro","entero","rango observado: 0–1","REVISION_MANUAL","Base SIP disponible: Adolescentes.csv","Ninguna en la base fuente; limpieza de espacios solo en encabezados","REVISION_MANUAL: confirmar etiqueta, codificación, unidad y valores faltantes con metadatos institucionales"
"Alcohol 1er.","Alcohol 1er.","entero","rango observado: 0–1","REVISION_MANUAL","Base SIP disponible: Adolescentes.csv","Ninguna en la base fuente; limpieza de espacios solo en encabezados","REVISION_MANUAL: confirmar etiqueta, codificación, unidad y valores faltantes con metadatos institucionales"
"Alcohol 2do.","Alcohol 2do.","entero","rango observado: 0–1","REVISION_MANUAL","Base SIP disponible: Adolescentes.csv","Ninguna en la base fuente; limpieza de espacios solo en encabezados","REVISION_MANUAL: confirmar etiqueta, codificación, unidad y valores faltantes con metadatos institucionales"
"Alcohol 3er.","Alcohol 3er.","entero","rango observado: 0–1","REVISION_MANUAL","Base SIP disponible: Adolescentes.csv","Ninguna en la base fuente; limpieza de espacios solo en encabezados","REVISION_MANUAL: confirmar etiqueta, codificación, unidad y valores faltantes con metadatos institucionales"
"Alcohol CODIGO","Alcohol CODIGO","entero","rango observado: 0–1","REVISION_MANUAL","Base SIP disponible: Adolescentes.csv","Ninguna en la base fuente; limpieza de espacios solo en encabezados","REVISION_MANUAL: confirmar etiqueta, codificación, unidad y valores faltantes con metadatos institucionales"
"Drogas 1er.","Drogas 1er.","entero","rango observado: 0–1","REVISION_MANUAL","Base SIP disponible: Adolescentes.csv","Ninguna en la base fuente; limpieza de espacios solo en encabezados","REVISION_MANUAL: confirmar etiqueta, codificación, unidad y valores faltantes con metadatos institucionales"
"Drogas 2do.","Drogas 2do.","entero","rango observado: 0–1","REVISION_MANUAL","Base SIP disponible: Adolescentes.csv","Ninguna en la base fuente; limpieza de espacios solo en encabezados","REVISION_MANUAL: confirmar etiqueta, codificación, unidad y valores faltantes con metadatos institucionales"
"Drogas 3er.","Drogas 3er.","entero","rango observado: 0–1","REVISION_MANUAL","Base SIP disponible: Adolescentes.csv","Ninguna en la base fuente; limpieza de espacios solo en encabezados","REVISION_MANUAL: confirmar etiqueta, codificación, unidad y valores faltantes con metadatos institucionales"
"DROGAS","DROGAS","entero","rango observado: 0–1","REVISION_MANUAL","Base SIP disponible: Adolescentes.csv","Ninguna en la base fuente; limpieza de espacios solo en encabezados","REVISION_MANUAL: confirmar etiqueta, codificación, unidad y valores faltantes con metadatos institucionales"
"Fumadora activa 1er.","Fumadora activa 1er.","entero","rango observado: 0–1","REVISION_MANUAL","Base SIP disponible: Adolescentes.csv","Ninguna en la base fuente; limpieza de espacios solo en encabezados","REVISION_MANUAL: confirmar etiqueta, codificación, unidad y valores faltantes con metadatos institucionales"
"Fumadora activa 2do.","Fumadora activa 2do.","entero","rango observado: 0–1","REVISION_MANUAL","Base SIP disponible: Adolescentes.csv","Ninguna en la base fuente; limpieza de espacios solo en encabezados","REVISION_MANUAL: confirmar etiqueta, codificación, unidad y valores faltantes con metadatos institucionales"
"Fumadora activa 3er.","Fumadora activa 3er.","entero","rango observado: 0–1","REVISION_MANUAL","Base SIP disponible: Adolescentes.csv","Ninguna en la base fuente; limpieza de espacios solo en encabezados","REVISION_MANUAL: confirmar etiqueta, codificación, unidad y valores faltantes con metadatos institucionales"
"TABACO ACTIVO","TABACO ACTIVO","entero","rango observado: 0–1","REVISION_MANUAL","Base SIP disponible: Adolescentes.csv","Ninguna en la base fuente; limpieza de espacios solo en encabezados","REVISION_MANUAL: confirmar etiqueta, codificación, unidad y valores faltantes con metadatos institucionales"
"Fumadora pasiva 1er.","Fumadora pasiva 1er.","entero","rango observado: 0–1","REVISION_MANUAL","Base SIP disponible: Adolescentes.csv","Ninguna en la base fuente; limpieza de espacios solo en encabezados","REVISION_MANUAL: confirmar etiqueta, codificación, unidad y valores faltantes con metadatos institucionales"
"Fumadora pasiva 2do.","Fumadora pasiva 2do.","entero","rango observado: 0–1","REVISION_MANUAL","Base SIP disponible: Adolescentes.csv","Ninguna en la base fuente; limpieza de espacios solo en encabezados","REVISION_MANUAL: confirmar etiqueta, codificación, unidad y valores faltantes con metadatos institucionales"
"Fumadora pasiva 3er.","Fumadora pasiva 3er.","entero","rango observado: 0–1","REVISION_MANUAL","Base SIP disponible: Adolescentes.csv","Ninguna en la base fuente; limpieza de espacios solo en encabezados","REVISION_MANUAL: confirmar etiqueta, codificación, unidad y valores faltantes con metadatos institucionales"
"TABACO PASIVO","TABACO PASIVO","entero","rango observado: 0–1","REVISION_MANUAL","Base SIP disponible: Adolescentes.csv","Ninguna en la base fuente; limpieza de espacios solo en encabezados","REVISION_MANUAL: confirmar etiqueta, codificación, unidad y valores faltantes con metadatos institucionales"
"Violencia 1er.","Violencia 1er.","entero","rango observado: 0–1","REVISION_MANUAL","Base SIP disponible: Adolescentes.csv","Ninguna en la base fuente; limpieza de espacios solo en encabezados","REVISION_MANUAL: confirmar etiqueta, codificación, unidad y valores faltantes con metadatos institucionales"
"Violencia 2do.","Violencia 2do.","entero","rango observado: 0–1","REVISION_MANUAL","Base SIP disponible: Adolescentes.csv","Ninguna en la base fuente; limpieza de espacios solo en encabezados","REVISION_MANUAL: confirmar etiqueta, codificación, unidad y valores faltantes con metadatos institucionales"
"Violencia 3er.","Violencia 3er.","entero","rango observado: 0–1","REVISION_MANUAL","Base SIP disponible: Adolescentes.csv","Ninguna en la base fuente; limpieza de espacios solo en encabezados","REVISION_MANUAL: confirmar etiqueta, codificación, unidad y valores faltantes con metadatos institucionales"
"VIOLENCIA CODIGO","VIOLENCIA CODIGO","entero","rango observado: 0–1","REVISION_MANUAL","Base SIP disponible: Adolescentes.csv","Ninguna en la base fuente; limpieza de espacios solo en encabezados","REVISION_MANUAL: confirmar etiqueta, codificación, unidad y valores faltantes con metadatos institucionales"
"Hemorragia 1er. trim.","Hemorragia 1er. trim.","entero","rango observado: 0–1","REVISION_MANUAL","Base SIP disponible: Adolescentes.csv","Ninguna en la base fuente; limpieza de espacios solo en encabezados","REVISION_MANUAL: confirmar etiqueta, codificación, unidad y valores faltantes con metadatos institucionales"
"Hemorragia 2do. trim.","Hemorragia 2do. trim.","entero","rango observado: 0–1","REVISION_MANUAL","Base SIP disponible: Adolescentes.csv","Ninguna en la base fuente; limpieza de espacios solo en encabezados","REVISION_MANUAL: confirmar etiqueta, codificación, unidad y valores faltantes con metadatos institucionales"
"Hemorragia 3er. trim.","Hemorragia 3er. trim.","entero","rango observado: 0–1","REVISION_MANUAL","Base SIP disponible: Adolescentes.csv","Ninguna en la base fuente; limpieza de espacios solo en encabezados","REVISION_MANUAL: confirmar etiqueta, codificación, unidad y valores faltantes con metadatos institucionales"
"Número Consultas prenatales","Número Consultas prenatales","entero","rango observado: 0–20","consultas","Base SIP disponible: Adolescentes.csv","Ninguna en la base fuente; limpieza de espacios solo en encabezados","REVISION_MANUAL: confirmar etiqueta, codificación, unidad y valores faltantes con metadatos institucionales"
"Consultas prenatales CATEGORIA","Consultas prenatales CATEGORIA","texto/categórico"," | 1 A 4 | 5 A 7 | 8 O MAS | NINGUNA","REVISION_MANUAL","Base SIP disponible: Adolescentes.csv","Ninguna en la base fuente; limpieza de espacios solo en encabezados","REVISION_MANUAL: confirmar etiqueta, codificación, unidad y valores faltantes con metadatos institucionales"
"RPM CODIGO","RPM CODIGO","entero","rango observado: 0–1","REVISION_MANUAL","Base SIP disponible: Adolescentes.csv","Ninguna en la base fuente; limpieza de espacios solo en encabezados","REVISION_MANUAL: confirmar etiqueta, codificación, unidad y valores faltantes con metadatos institucionales"
"Preparación parto","Preparación parto","entero","rango observado: 0–1","REVISION_MANUAL","Base SIP disponible: Adolescentes.csv","Ninguna en la base fuente; limpieza de espacios solo en encabezados","REVISION_MANUAL: confirmar etiqueta, codificación, unidad y valores faltantes con metadatos institucionales"
"Acompañante Parto CATEGORIA","Acompañante Parto CATEGORIA","texto/categórico"," | familiar | madre | ninguno | otro | pareja","REVISION_MANUAL","Base SIP disponible: Adolescentes.csv","Ninguna en la base fuente; limpieza de espacios solo en encabezados","REVISION_MANUAL: confirmar etiqueta, codificación, unidad y valores faltantes con metadatos institucionales"
"Acompañante Parto CODIGO","Acompañante Parto CODIGO","entero","rango observado: 0–1","REVISION_MANUAL","Base SIP disponible: Adolescentes.csv","Ninguna en la base fuente; limpieza de espacios solo en encabezados","REVISION_MANUAL: confirmar etiqueta, codificación, unidad y valores faltantes con metadatos institucionales"
"Presentación situación","Presentación situación","texto/categórico"," | cefálica | pelviana | transversa","REVISION_MANUAL","Base SIP disponible: Adolescentes.csv","Ninguna en la base fuente; limpieza de espacios solo en encabezados","REVISION_MANUAL: confirmar etiqueta, codificación, unidad y valores faltantes con metadatos institucionales"
"PRESENTACION CEFALICA","PRESENTACION CEFALICA","entero","rango observado: 0–1","REVISION_MANUAL","Base SIP disponible: Adolescentes.csv","Ninguna en la base fuente; limpieza de espacios solo en encabezados","REVISION_MANUAL: confirmar etiqueta, codificación, unidad y valores faltantes con metadatos institucionales"
"TIPO DE PARTO","TIPO DE PARTO","texto/categórico"," | cesárea | vaginal | Vaginal","REVISION_MANUAL","Base SIP disponible: Adolescentes.csv","Ninguna en la base fuente; limpieza de espacios solo en encabezados","REVISION_MANUAL: confirmar etiqueta, codificación, unidad y valores faltantes con metadatos institucionales"
"CESAREA","CESAREA","entero","rango observado: 0–1","REVISION_MANUAL","Base SIP disponible: Adolescentes.csv","Ninguna en la base fuente; limpieza de espacios solo en encabezados","REVISION_MANUAL: confirmar etiqueta, codificación, unidad y valores faltantes con metadatos institucionales"
"Motivo principal de induccion o cirugia","Motivo principal de induccion o cirugia","texto/categórico","REVISION_MANUAL: categorías o texto libre no enumerados","REVISION_MANUAL","Base SIP disponible: Adolescentes.csv","Ninguna en la base fuente; limpieza de espacios solo en encabezados","REVISION_MANUAL: confirmar etiqueta, codificación, unidad y valores faltantes con metadatos institucionales"
"Posición parto","Posición parto","texto/categórico"," | acostada | cuclillas | decubito lateral | genuipectoral | sentada","REVISION_MANUAL","Base SIP disponible: Adolescentes.csv","Ninguna en la base fuente; limpieza de espacios solo en encabezados","REVISION_MANUAL: confirmar etiqueta, codificación, unidad y valores faltantes con metadatos institucionales"
"Episiotomía CODIGO","Episiotomía CODIGO","entero","rango observado: 0–1","REVISION_MANUAL","Base SIP disponible: Adolescentes.csv","Ninguna en la base fuente; limpieza de espacios solo en encabezados","REVISION_MANUAL: confirmar etiqueta, codificación, unidad y valores faltantes con metadatos institucionales"
"Tipo Laceracion perineal","Tipo Laceracion perineal","entero","rango observado: 1–4","REVISION_MANUAL","Base SIP disponible: Adolescentes.csv","Ninguna en la base fuente; limpieza de espacios solo en encabezados","REVISION_MANUAL: confirmar etiqueta, codificación, unidad y valores faltantes con metadatos institucionales"
"Desgarros SI NO","Desgarros SI NO","texto/categórico"," | no | si","REVISION_MANUAL","Base SIP disponible: Adolescentes.csv","Ninguna en la base fuente; limpieza de espacios solo en encabezados","REVISION_MANUAL: confirmar etiqueta, codificación, unidad y valores faltantes con metadatos institucionales"
"Anestesia general","Anestesia general","entero","rango observado: 0–1","REVISION_MANUAL","Base SIP disponible: Adolescentes.csv","Ninguna en la base fuente; limpieza de espacios solo en encabezados","REVISION_MANUAL: confirmar etiqueta, codificación, unidad y valores faltantes con metadatos institucionales"
"Anestesia local","Anestesia local","entero","rango observado: 0–1","REVISION_MANUAL","Base SIP disponible: Adolescentes.csv","Ninguna en la base fuente; limpieza de espacios solo en encabezados","REVISION_MANUAL: confirmar etiqueta, codificación, unidad y valores faltantes con metadatos institucionales"
"Anestesia regional","Anestesia regional","entero","rango observado: 0–1","REVISION_MANUAL","Base SIP disponible: Adolescentes.csv","Ninguna en la base fuente; limpieza de espacios solo en encabezados","REVISION_MANUAL: confirmar etiqueta, codificación, unidad y valores faltantes con metadatos institucionales"
"ANESTESIA CATEGORIA","ANESTESIA CATEGORIA","texto/categórico","GENERAL | LOCAL | NO | REGIONAL","REVISION_MANUAL","Base SIP disponible: Adolescentes.csv","Ninguna en la base fuente; limpieza de espacios solo en encabezados","REVISION_MANUAL: confirmar etiqueta, codificación, unidad y valores faltantes con metadatos institucionales"
"Hemorragia postparto","Hemorragia postparto","texto/categórico","0 | 1 | Hemorragia postparto","REVISION_MANUAL","Base SIP disponible: Adolescentes.csv","Ninguna en la base fuente; limpieza de espacios solo en encabezados","REVISION_MANUAL: confirmar etiqueta, codificación, unidad y valores faltantes con metadatos institucionales"
"Edad gestaciol RN","Edad gestaciol RN","entero","rango observado: 12–45","semanas","Base SIP disponible: Adolescentes.csv","Ninguna en la base fuente; limpieza de espacios solo en encabezados","REVISION_MANUAL: confirmar etiqueta, codificación, unidad y valores faltantes con metadatos institucionales"
"Edad gestaciol RN - días","Edad gestaciol RN - días","entero","rango observado: 0–6","días","Base SIP disponible: Adolescentes.csv","Ninguna en la base fuente; limpieza de espacios solo en encabezados","REVISION_MANUAL: confirmar etiqueta, codificación, unidad y valores faltantes con metadatos institucionales"
"Edad gestacional CATEGORIA","Edad gestacional CATEGORIA","entero","rango observado: 1–3","REVISION_MANUAL","Base SIP disponible: Adolescentes.csv","Ninguna en la base fuente; limpieza de espacios solo en encabezados","REVISION_MANUAL: confirmar etiqueta, codificación, unidad y valores faltantes con metadatos institucionales"
"PREMATURO CODIGO","PREMATURO CODIGO","entero","rango observado: 0–1","REVISION_MANUAL","Base SIP disponible: Adolescentes.csv","Ninguna en la base fuente; limpieza de espacios solo en encabezados","REVISION_MANUAL: confirmar etiqueta, codificación, unidad y valores faltantes con metadatos institucionales"
"A TERMINO CODIGO","A TERMINO CODIGO","entero","rango observado: 0–1","REVISION_MANUAL","Base SIP disponible: Adolescentes.csv","Ninguna en la base fuente; limpieza de espacios solo en encabezados","REVISION_MANUAL: confirmar etiqueta, codificación, unidad y valores faltantes con metadatos institucionales"
"POSTERMINO CODIGO","POSTERMINO CODIGO","entero","rango observado: 0–1","REVISION_MANUAL","Base SIP disponible: Adolescentes.csv","Ninguna en la base fuente; limpieza de espacios solo en encabezados","REVISION_MANUAL: confirmar etiqueta, codificación, unidad y valores faltantes con metadatos institucionales"
"Apgar 1er. Minuto","Apgar 1er. Minuto","entero","rango observado: 0–10","REVISION_MANUAL","Base SIP disponible: Adolescentes.csv","Ninguna en la base fuente; limpieza de espacios solo en encabezados","REVISION_MANUAL: confirmar etiqueta, codificación, unidad y valores faltantes con metadatos institucionales"
"Apgar 1 minuto <7 SI NO","Apgar 1 minuto <7 SI NO","texto/categórico"," | no | si | sisi","REVISION_MANUAL","Base SIP disponible: Adolescentes.csv","Ninguna en la base fuente; limpieza de espacios solo en encabezados","REVISION_MANUAL: confirmar etiqueta, codificación, unidad y valores faltantes con metadatos institucionales"
"CODIGO Apgar 1 minuto <7","CODIGO Apgar 1 minuto <7","entero","rango observado: 0–11","REVISION_MANUAL","Base SIP disponible: Adolescentes.csv","Ninguna en la base fuente; limpieza de espacios solo en encabezados","REVISION_MANUAL: confirmar etiqueta, codificación, unidad y valores faltantes con metadatos institucionales"
"Apgar 5to. Minuto","Apgar 5to. Minuto","entero","rango observado: 0–10","REVISION_MANUAL","Base SIP disponible: Adolescentes.csv","Ninguna en la base fuente; limpieza de espacios solo en encabezados","REVISION_MANUAL: confirmar etiqueta, codificación, unidad y valores faltantes con metadatos institucionales"
"Apgar 5to. <7 SI NO","Apgar 5to. <7 SI NO","texto/categórico"," | no | si","REVISION_MANUAL","Base SIP disponible: Adolescentes.csv","Ninguna en la base fuente; limpieza de espacios solo en encabezados","REVISION_MANUAL: confirmar etiqueta, codificación, unidad y valores faltantes con metadatos institucionales"
"CODIGO Apgar 5to. < 7","CODIGO Apgar 5to. < 7","entero","rango observado: 0–1","REVISION_MANUAL","Base SIP disponible: Adolescentes.csv","Ninguna en la base fuente; limpieza de espacios solo en encabezados","REVISION_MANUAL: confirmar etiqueta, codificación, unidad y valores faltantes con metadatos institucionales"
"Peso al nacer GRAMOS","Peso al nacer GRAMOS","entero","rango observado: 520–6195","gramos","Base SIP disponible: Adolescentes.csv","Ninguna en la base fuente; limpieza de espacios solo en encabezados","REVISION_MANUAL: confirmar etiqueta, codificación, unidad y valores faltantes con metadatos institucionales"
"PESO/EG CATEGORIA","PESO/EG CATEGORIA","texto/categórico"," | adecuado | grande | pequeño","REVISION_MANUAL","Base SIP disponible: Adolescentes.csv","Ninguna en la base fuente; limpieza de espacios solo en encabezados","REVISION_MANUAL: confirmar etiqueta, codificación, unidad y valores faltantes con metadatos institucionales"
"RCIU","RCIU","entero","rango observado: 0–1","REVISION_MANUAL","Base SIP disponible: Adolescentes.csv","Ninguna en la base fuente; limpieza de espacios solo en encabezados","REVISION_MANUAL: confirmar etiqueta, codificación, unidad y valores faltantes con metadatos institucionales"
"MACROSÓMICO","MACROSÓMICO","entero","rango observado: 0–1","REVISION_MANUAL","Base SIP disponible: Adolescentes.csv","Ninguna en la base fuente; limpieza de espacios solo en encabezados","REVISION_MANUAL: confirmar etiqueta, codificación, unidad y valores faltantes con metadatos institucionales"
"Peso/ Edad Gestacional CODIGO","Peso/ Edad Gestacional CODIGO","entero","rango observado: 1–3","REVISION_MANUAL","Base SIP disponible: Adolescentes.csv","Ninguna en la base fuente; limpieza de espacios solo en encabezados","REVISION_MANUAL: confirmar etiqueta, codificación, unidad y valores faltantes con metadatos institucionales"
"Peso al nacimiento CODIGO","Peso al nacimiento CODIGO","entero","rango observado: 1–3","REVISION_MANUAL","Base SIP disponible: Adolescentes.csv","Ninguna en la base fuente; limpieza de espacios solo en encabezados","REVISION_MANUAL: confirmar etiqueta, codificación, unidad y valores faltantes con metadatos institucionales"
"MASCULINO","MASCULINO","entero","rango observado: 0–1","REVISION_MANUAL","Base SIP disponible: Adolescentes.csv","Ninguna en la base fuente; limpieza de espacios solo en encabezados","REVISION_MANUAL: confirmar etiqueta, codificación, unidad y valores faltantes con metadatos institucionales"
"RN Aspiración","RN Aspiración","entero","rango observado: 0–1","REVISION_MANUAL","Base SIP disponible: Adolescentes.csv","Ninguna en la base fuente; limpieza de espacios solo en encabezados","REVISION_MANUAL: confirmar etiqueta, codificación, unidad y valores faltantes con metadatos institucionales"
"RN Estimulación","RN Estimulación","entero","rango observado: 0–1","REVISION_MANUAL","Base SIP disponible: Adolescentes.csv","Ninguna en la base fuente; limpieza de espacios solo en encabezados","REVISION_MANUAL: confirmar etiqueta, codificación, unidad y valores faltantes con metadatos institucionales"
"RN Masaje","RN Masaje","entero","rango observado: 0–1","REVISION_MANUAL","Base SIP disponible: Adolescentes.csv","Ninguna en la base fuente; limpieza de espacios solo en encabezados","REVISION_MANUAL: confirmar etiqueta, codificación, unidad y valores faltantes con metadatos institucionales"
"RN Máscara","RN Máscara","entero","rango observado: 0–1","REVISION_MANUAL","Base SIP disponible: Adolescentes.csv","Ninguna en la base fuente; limpieza de espacios solo en encabezados","REVISION_MANUAL: confirmar etiqueta, codificación, unidad y valores faltantes con metadatos institucionales"
"RN Oxíge0","RN Oxíge0","entero","rango observado: 0–1","REVISION_MANUAL","Base SIP disponible: Adolescentes.csv","Ninguna en la base fuente; limpieza de espacios solo en encabezados","REVISION_MANUAL: confirmar etiqueta, codificación, unidad y valores faltantes con metadatos institucionales"
"RN Tubo","RN Tubo","entero","rango observado: 0–1","REVISION_MANUAL","Base SIP disponible: Adolescentes.csv","Ninguna en la base fuente; limpieza de espacios solo en encabezados","REVISION_MANUAL: confirmar etiqueta, codificación, unidad y valores faltantes con metadatos institucionales"
"Alimento al alta","Alimento al alta","texto/categórico"," | artificial | lactancia exclusiva | parcial","REVISION_MANUAL","Base SIP disponible: Adolescentes.csv","Ninguna en la base fuente; limpieza de espacios solo en encabezados","REVISION_MANUAL: confirmar etiqueta, codificación, unidad y valores faltantes con metadatos institucionales"
"CONSEJERIA LACTANCIA","CONSEJERIA LACTANCIA","texto/categórico","0 | 1 | no | si","REVISION_MANUAL","Base SIP disponible: Adolescentes.csv","Ninguna en la base fuente; limpieza de espacios solo en encabezados","REVISION_MANUAL: confirmar etiqueta, codificación, unidad y valores faltantes con metadatos institucionales"
"Lactancia exclusiva SI NO","Lactancia exclusiva SI NO","texto/categórico"," | no | No | si | Si","REVISION_MANUAL","Base SIP disponible: Adolescentes.csv","Ninguna en la base fuente; limpieza de espacios solo en encabezados","REVISION_MANUAL: confirmar etiqueta, codificación, unidad y valores faltantes con metadatos institucionales"
"Defectos congenitos CODIGO","Defectos congenitos CODIGO","entero","rango observado: 0–1","REVISION_MANUAL","Base SIP disponible: Adolescentes.csv","Ninguna en la base fuente; limpieza de espacios solo en encabezados","REVISION_MANUAL: confirmar etiqueta, codificación, unidad y valores faltantes con metadatos institucionales"
"Defectos congénitos CIE","Defectos congénitos CIE","texto/categórico","REVISION_MANUAL: categorías o texto libre no enumerados","REVISION_MANUAL","Base SIP disponible: Adolescentes.csv","Ninguna en la base fuente; limpieza de espacios solo en encabezados","REVISION_MANUAL: confirmar etiqueta, codificación, unidad y valores faltantes con metadatos institucionales"
"Tipos de defectos","Tipos de defectos","texto/categórico","REVISION_MANUAL: categorías o texto libre no enumerados","REVISION_MANUAL","Base SIP disponible: Adolescentes.csv","Ninguna en la base fuente; limpieza de espacios solo en encabezados","REVISION_MANUAL: confirmar etiqueta, codificación, unidad y valores faltantes con metadatos institucionales"
"SISTEMA AFECTADO","SISTEMA AFECTADO","texto/categórico"," | ANOMALIAS CROMOSOMICAS | anomalias tegumentarias | CARDIOPULMONARES | GASTROINTESTINAL | hidrops fetal | Labio y paladar hendido | MUSCULO-ESQUELETICAS | Sistema nervioso | UROGENITAL","REVISION_MANUAL","Base SIP disponible: Adolescentes.csv","Ninguna en la base fuente; limpieza de espacios solo en encabezados","REVISION_MANUAL: confirmar etiqueta, codificación, unidad y valores faltantes con metadatos institucionales"
"DC nervioso","DC nervioso","entero","rango observado: 0–1","REVISION_MANUAL","Base SIP disponible: Adolescentes.csv","Ninguna en la base fuente; limpieza de espacios solo en encabezados","REVISION_MANUAL: confirmar etiqueta, codificación, unidad y valores faltantes con metadatos institucionales"
"DC GASTRO","DC GASTRO","entero","rango observado: 0–1","REVISION_MANUAL","Base SIP disponible: Adolescentes.csv","Ninguna en la base fuente; limpieza de espacios solo en encabezados","REVISION_MANUAL: confirmar etiqueta, codificación, unidad y valores faltantes con metadatos institucionales"
"DC Urogenital","DC Urogenital","entero","rango observado: 0–1","REVISION_MANUAL","Base SIP disponible: Adolescentes.csv","Ninguna en la base fuente; limpieza de espacios solo en encabezados","REVISION_MANUAL: confirmar etiqueta, codificación, unidad y valores faltantes con metadatos institucionales"
"DC Cardiopulmonar","DC Cardiopulmonar","entero","rango observado: 0–1","REVISION_MANUAL","Base SIP disponible: Adolescentes.csv","Ninguna en la base fuente; limpieza de espacios solo en encabezados","REVISION_MANUAL: confirmar etiqueta, codificación, unidad y valores faltantes con metadatos institucionales"
"DC SINDROMES","DC SINDROMES","entero","rango observado: 0–1","REVISION_MANUAL","Base SIP disponible: Adolescentes.csv","Ninguna en la base fuente; limpieza de espacios solo en encabezados","REVISION_MANUAL: confirmar etiqueta, codificación, unidad y valores faltantes con metadatos institucionales"
"DC esqueleticas","DC esqueleticas","entero","rango observado: 0–1","REVISION_MANUAL","Base SIP disponible: Adolescentes.csv","Ninguna en la base fuente; limpieza de espacios solo en encabezados","REVISION_MANUAL: confirmar etiqueta, codificación, unidad y valores faltantes con metadatos institucionales"
"DC oligoamnios","DC oligoamnios","entero","rango observado: 0–0","REVISION_MANUAL","Base SIP disponible: Adolescentes.csv","Ninguna en la base fuente; limpieza de espacios solo en encabezados","REVISION_MANUAL: confirmar etiqueta, codificación, unidad y valores faltantes con metadatos institucionales"
"DC hidrops","DC hidrops","entero","rango observado: 0–1","REVISION_MANUAL","Base SIP disponible: Adolescentes.csv","Ninguna en la base fuente; limpieza de espacios solo en encabezados","REVISION_MANUAL: confirmar etiqueta, codificación, unidad y valores faltantes con metadatos institucionales"
"DC labio y paladar","DC labio y paladar","entero","rango observado: 0–1","REVISION_MANUAL","Base SIP disponible: Adolescentes.csv","Ninguna en la base fuente; limpieza de espacios solo en encabezados","REVISION_MANUAL: confirmar etiqueta, codificación, unidad y valores faltantes con metadatos institucionales"
"DC Tegumentario","DC Tegumentario","entero","rango observado: 0–1","REVISION_MANUAL","Base SIP disponible: Adolescentes.csv","Ninguna en la base fuente; limpieza de espacios solo en encabezados","REVISION_MANUAL: confirmar etiqueta, codificación, unidad y valores faltantes con metadatos institucionales"
"Egreso RN","Egreso RN","texto/categórico","1 | fallece | traslado | vivo","REVISION_MANUAL","Base SIP disponible: Adolescentes.csv","Ninguna en la base fuente; limpieza de espacios solo en encabezados","REVISION_MANUAL: confirmar etiqueta, codificación, unidad y valores faltantes con metadatos institucionales"
"RN vivo CODIGO","RN vivo CODIGO","texto/categórico"," | 0 | 1 | traslado","REVISION_MANUAL","Base SIP disponible: Adolescentes.csv","Ninguna en la base fuente; limpieza de espacios solo en encabezados","REVISION_MANUAL: confirmar etiqueta, codificación, unidad y valores faltantes con metadatos institucionales"
"Antibióticos periparto","Antibióticos periparto","entero","rango observado: 0–1","REVISION_MANUAL","Base SIP disponible: Adolescentes.csv","Ninguna en la base fuente; limpieza de espacios solo en encabezados","REVISION_MANUAL: confirmar etiqueta, codificación, unidad y valores faltantes con metadatos institucionales"
"Nefropatía materna","Nefropatía materna","entero","rango observado: 0–1","REVISION_MANUAL","Base SIP disponible: Adolescentes.csv","Ninguna en la base fuente; limpieza de espacios solo en encabezados","REVISION_MANUAL: confirmar etiqueta, codificación, unidad y valores faltantes con metadatos institucionales"
"Infección urinaria","Infección urinaria","entero","rango observado: 0–1","REVISION_MANUAL","Base SIP disponible: Adolescentes.csv","Ninguna en la base fuente; limpieza de espacios solo en encabezados","REVISION_MANUAL: confirmar etiqueta, codificación, unidad y valores faltantes con metadatos institucionales"
"Sufrimiento fetal","Sufrimiento fetal","entero","rango observado: 0–1","REVISION_MANUAL","Base SIP disponible: Adolescentes.csv","Ninguna en la base fuente; limpieza de espacios solo en encabezados","REVISION_MANUAL: confirmar etiqueta, codificación, unidad y valores faltantes con metadatos institucionales"
"Placenta previa","Placenta previa","entero","rango observado: 0–0","REVISION_MANUAL","Base SIP disponible: Adolescentes.csv","Ninguna en la base fuente; limpieza de espacios solo en encabezados","REVISION_MANUAL: confirmar etiqueta, codificación, unidad y valores faltantes con metadatos institucionales"
"Infecciones de tracto genital","Infecciones de tracto genital","entero","rango observado: 0–1","REVISION_MANUAL","Base SIP disponible: Adolescentes.csv","Ninguna en la base fuente; limpieza de espacios solo en encabezados","REVISION_MANUAL: confirmar etiqueta, codificación, unidad y valores faltantes con metadatos institucionales"
"Desprendimiento placenta","Desprendimiento placenta","entero","rango observado: 0–1","REVISION_MANUAL","Base SIP disponible: Adolescentes.csv","Ninguna en la base fuente; limpieza de espacios solo en encabezados","REVISION_MANUAL: confirmar etiqueta, codificación, unidad y valores faltantes con metadatos institucionales"
"Obstrucción del parto","Obstrucción del parto","texto/categórico","REVISION_MANUAL: categorías o texto libre no enumerados","REVISION_MANUAL","Base SIP disponible: Adolescentes.csv","Ninguna en la base fuente; limpieza de espacios solo en encabezados","REVISION_MANUAL: confirmar etiqueta, codificación, unidad y valores faltantes con metadatos institucionales"
"Trastornos de liquido amniotico","Trastornos de liquido amniotico","texto/categórico","Anhidramnios | ninguno | Oligoamnios | Polihidramnios","REVISION_MANUAL","Base SIP disponible: Adolescentes.csv","Ninguna en la base fuente; limpieza de espacios solo en encabezados","REVISION_MANUAL: confirmar etiqueta, codificación, unidad y valores faltantes con metadatos institucionales"
"MAMA SIFILIS","MAMA SIFILIS","entero","rango observado: 0–1","REVISION_MANUAL","Base SIP disponible: Adolescentes.csv","Ninguna en la base fuente; limpieza de espacios solo en encabezados","REVISION_MANUAL: confirmar etiqueta, codificación, unidad y valores faltantes con metadatos institucionales"
"MAMA HIV","MAMA HIV","entero","rango observado: 0–1","REVISION_MANUAL","Base SIP disponible: Adolescentes.csv","Ninguna en la base fuente; limpieza de espacios solo en encabezados","REVISION_MANUAL: confirmar etiqueta, codificación, unidad y valores faltantes con metadatos institucionales"
"Infección ovular","Infección ovular","entero","rango observado: 0–1","REVISION_MANUAL","Base SIP disponible: Adolescentes.csv","Ninguna en la base fuente; limpieza de espacios solo en encabezados","REVISION_MANUAL: confirmar etiqueta, codificación, unidad y valores faltantes con metadatos institucionales"
"Infección purperal","Infección purperal","entero","rango observado: 0–1","REVISION_MANUAL","Base SIP disponible: Adolescentes.csv","Ninguna en la base fuente; limpieza de espacios solo en encabezados","REVISION_MANUAL: confirmar etiqueta, codificación, unidad y valores faltantes con metadatos institucionales"
"Placenta retenida","Placenta retenida","entero","rango observado: 0–1","REVISION_MANUAL","Base SIP disponible: Adolescentes.csv","Ninguna en la base fuente; limpieza de espacios solo en encabezados","REVISION_MANUAL: confirmar etiqueta, codificación, unidad y valores faltantes con metadatos institucionales"
"BEBE OTRAS PATOLOGIAS","BEBE OTRAS PATOLOGIAS","entero","rango observado: 0–1","REVISION_MANUAL","Base SIP disponible: Adolescentes.csv","Ninguna en la base fuente; limpieza de espacios solo en encabezados","REVISION_MANUAL: confirmar etiqueta, codificación, unidad y valores faltantes con metadatos institucionales"
"BEBE EFECTO ANESTESIA/ANALGESIA","BEBE EFECTO ANESTESIA/ANALGESIA","entero","rango observado: 0–1","REVISION_MANUAL","Base SIP disponible: Adolescentes.csv","Ninguna en la base fuente; limpieza de espacios solo en encabezados","REVISION_MANUAL: confirmar etiqueta, codificación, unidad y valores faltantes con metadatos institucionales"
"BEB CMV","BEB CMV","entero","rango observado: 0–1","REVISION_MANUAL","Base SIP disponible: Adolescentes.csv","Ninguna en la base fuente; limpieza de espacios solo en encabezados","REVISION_MANUAL: confirmar etiqueta, codificación, unidad y valores faltantes con metadatos institucionales"
"BEBE VIH POSITIVO","BEBE VIH POSITIVO","entero","rango observado: 0–1","REVISION_MANUAL","Base SIP disponible: Adolescentes.csv","Ninguna en la base fuente; limpieza de espacios solo en encabezados","REVISION_MANUAL: confirmar etiqueta, codificación, unidad y valores faltantes con metadatos institucionales"
"BEBE hidrocefalia adquirida","BEBE hidrocefalia adquirida","entero","rango observado: 0–1","REVISION_MANUAL","Base SIP disponible: Adolescentes.csv","Ninguna en la base fuente; limpieza de espacios solo en encabezados","REVISION_MANUAL: confirmar etiqueta, codificación, unidad y valores faltantes con metadatos institucionales"
"BEBE abstinencia","BEBE abstinencia","entero","rango observado: 0–1","REVISION_MANUAL","Base SIP disponible: Adolescentes.csv","Ninguna en la base fuente; limpieza de espacios solo en encabezados","REVISION_MANUAL: confirmar etiqueta, codificación, unidad y valores faltantes con metadatos institucionales"
"BEBE Otro trastorno metabolico","BEBE Otro trastorno metabolico","texto/categórico","0 | 1 | Otro trastorno metabolico","REVISION_MANUAL","Base SIP disponible: Adolescentes.csv","Ninguna en la base fuente; limpieza de espacios solo en encabezados","REVISION_MANUAL: confirmar etiqueta, codificación, unidad y valores faltantes con metadatos institucionales"
"BEBE trastorno adaptativo","BEBE trastorno adaptativo","entero","rango observado: 0–1","REVISION_MANUAL","Base SIP disponible: Adolescentes.csv","Ninguna en la base fuente; limpieza de espacios solo en encabezados","REVISION_MANUAL: confirmar etiqueta, codificación, unidad y valores faltantes con metadatos institucionales"
"BEBE tosoplasmoSsis","BEBE tosoplasmoSsis","entero","rango observado: 0–1","REVISION_MANUAL","Base SIP disponible: Adolescentes.csv","Ninguna en la base fuente; limpieza de espacios solo en encabezados","REVISION_MANUAL: confirmar etiqueta, codificación, unidad y valores faltantes con metadatos institucionales"
"BEBE obstruccion intestinal","BEBE obstruccion intestinal","entero","rango observado: 0–1","REVISION_MANUAL","Base SIP disponible: Adolescentes.csv","Ninguna en la base fuente; limpieza de espacios solo en encabezados","REVISION_MANUAL: confirmar etiqueta, codificación, unidad y valores faltantes con metadatos institucionales"
"BEBE insuficiencia hepatica","BEBE insuficiencia hepatica","entero","rango observado: 0–1","REVISION_MANUAL","Base SIP disponible: Adolescentes.csv","Ninguna en la base fuente; limpieza de espacios solo en encabezados","REVISION_MANUAL: confirmar etiqueta, codificación, unidad y valores faltantes con metadatos institucionales"
"BEBE enfisema pulmonar","BEBE enfisema pulmonar","entero","rango observado: 0–0","REVISION_MANUAL","Base SIP disponible: Adolescentes.csv","Ninguna en la base fuente; limpieza de espacios solo en encabezados","REVISION_MANUAL: confirmar etiqueta, codificación, unidad y valores faltantes con metadatos institucionales"
"BEBE depresión farmacologica","BEBE depresión farmacologica","entero","rango observado: 0–1","REVISION_MANUAL","Base SIP disponible: Adolescentes.csv","Ninguna en la base fuente; limpieza de espacios solo en encabezados","REVISION_MANUAL: confirmar etiqueta, codificación, unidad y valores faltantes con metadatos institucionales"
"BEBE hemorragia digestiva","BEBE hemorragia digestiva","entero","rango observado: 0–1","REVISION_MANUAL","Base SIP disponible: Adolescentes.csv","Ninguna en la base fuente; limpieza de espacios solo en encabezados","REVISION_MANUAL: confirmar etiqueta, codificación, unidad y valores faltantes con metadatos institucionales"
"BEBE endocarditis","BEBE endocarditis","entero","rango observado: 0–1","REVISION_MANUAL","Base SIP disponible: Adolescentes.csv","Ninguna en la base fuente; limpieza de espacios solo en encabezados","REVISION_MANUAL: confirmar etiqueta, codificación, unidad y valores faltantes con metadatos institucionales"
"BEBE hidroelectrolitico","BEBE hidroelectrolitico","entero","rango observado: 0–1","REVISION_MANUAL","Base SIP disponible: Adolescentes.csv","Ninguna en la base fuente; limpieza de espacios solo en encabezados","REVISION_MANUAL: confirmar etiqueta, codificación, unidad y valores faltantes con metadatos institucionales"
"BEBE ATELECTASIA","BEBE ATELECTASIA","entero","rango observado: 0–1","REVISION_MANUAL","Base SIP disponible: Adolescentes.csv","Ninguna en la base fuente; limpieza de espacios solo en encabezados","REVISION_MANUAL: confirmar etiqueta, codificación, unidad y valores faltantes con metadatos institucionales"
"BEBE sifilis congenita","BEBE sifilis congenita","entero","rango observado: 0–1","REVISION_MANUAL","Base SIP disponible: Adolescentes.csv","Ninguna en la base fuente; limpieza de espacios solo en encabezados","REVISION_MANUAL: confirmar etiqueta, codificación, unidad y valores faltantes con metadatos institucionales"
"BEBE. retinopatia","BEBE. retinopatia","entero","rango observado: 0–1","REVISION_MANUAL","Base SIP disponible: Adolescentes.csv","Ninguna en la base fuente; limpieza de espacios solo en encabezados","REVISION_MANUAL: confirmar etiqueta, codificación, unidad y valores faltantes con metadatos institucionales"
"BEBE alteraciones metabolicas","BEBE alteraciones metabolicas","entero","rango observado: 0–1","REVISION_MANUAL","Base SIP disponible: Adolescentes.csv","Ninguna en la base fuente; limpieza de espacios solo en encabezados","REVISION_MANUAL: confirmar etiqueta, codificación, unidad y valores faltantes con metadatos institucionales"
"BEBE perforacion intestinal","BEBE perforacion intestinal","entero","rango observado: 0–1","REVISION_MANUAL","Base SIP disponible: Adolescentes.csv","Ninguna en la base fuente; limpieza de espacios solo en encabezados","REVISION_MANUAL: confirmar etiqueta, codificación, unidad y valores faltantes con metadatos institucionales"
"BEBE insuficiencia cardiaca","BEBE insuficiencia cardiaca","entero","rango observado: 0–1","REVISION_MANUAL","Base SIP disponible: Adolescentes.csv","Ninguna en la base fuente; limpieza de espacios solo en encabezados","REVISION_MANUAL: confirmar etiqueta, codificación, unidad y valores faltantes con metadatos institucionales"
"BEBE Hiperglicemia","BEBE Hiperglicemia","entero","rango observado: 0–1","REVISION_MANUAL","Base SIP disponible: Adolescentes.csv","Ninguna en la base fuente; limpieza de espacios solo en encabezados","REVISION_MANUAL: confirmar etiqueta, codificación, unidad y valores faltantes con metadatos institucionales"
"BEBE neumomediastino","BEBE neumomediastino","entero","rango observado: 0–1","REVISION_MANUAL","Base SIP disponible: Adolescentes.csv","Ninguna en la base fuente; limpieza de espacios solo en encabezados","REVISION_MANUAL: confirmar etiqueta, codificación, unidad y valores faltantes con metadatos institucionales"
"BEBE neumotorax","BEBE neumotorax","entero","rango observado: 0–1","REVISION_MANUAL","Base SIP disponible: Adolescentes.csv","Ninguna en la base fuente; limpieza de espacios solo en encabezados","REVISION_MANUAL: confirmar etiqueta, codificación, unidad y valores faltantes con metadatos institucionales"
"BEBE hipertension pulmonar","BEBE hipertension pulmonar","entero","rango observado: 0–1","REVISION_MANUAL","Base SIP disponible: Adolescentes.csv","Ninguna en la base fuente; limpieza de espacios solo en encabezados","REVISION_MANUAL: confirmar etiqueta, codificación, unidad y valores faltantes con metadatos institucionales"
"BEBE Insuficiencia renal","BEBE Insuficiencia renal","entero","rango observado: 0–1","REVISION_MANUAL","Base SIP disponible: Adolescentes.csv","Ninguna en la base fuente; limpieza de espacios solo en encabezados","REVISION_MANUAL: confirmar etiqueta, codificación, unidad y valores faltantes con metadatos institucionales"
"BEBE conjuntivitis","BEBE conjuntivitis","entero","rango observado: 0–1","REVISION_MANUAL","Base SIP disponible: Adolescentes.csv","Ninguna en la base fuente; limpieza de espacios solo en encabezados","REVISION_MANUAL: confirmar etiqueta, codificación, unidad y valores faltantes con metadatos institucionales"
"BEBE enfriamiento","BEBE enfriamiento","entero","rango observado: 0–1","REVISION_MANUAL","Base SIP disponible: Adolescentes.csv","Ninguna en la base fuente; limpieza de espacios solo en encabezados","REVISION_MANUAL: confirmar etiqueta, codificación, unidad y valores faltantes con metadatos institucionales"
"BEBE SINDROME ASPIRATIVO","BEBE SINDROME ASPIRATIVO","entero","rango observado: 0–1","REVISION_MANUAL","Base SIP disponible: Adolescentes.csv","Ninguna en la base fuente; limpieza de espacios solo en encabezados","REVISION_MANUAL: confirmar etiqueta, codificación, unidad y valores faltantes con metadatos institucionales"
"BEBE infeccion neonatal","BEBE infeccion neonatal","entero","rango observado: 0–1","REVISION_MANUAL","Base SIP disponible: Adolescentes.csv","Ninguna en la base fuente; limpieza de espacios solo en encabezados","REVISION_MANUAL: confirmar etiqueta, codificación, unidad y valores faltantes con metadatos institucionales"
"BEBE COLESTASIS","BEBE COLESTASIS","entero","rango observado: 0–1","REVISION_MANUAL","Base SIP disponible: Adolescentes.csv","Ninguna en la base fuente; limpieza de espacios solo en encabezados","REVISION_MANUAL: confirmar etiqueta, codificación, unidad y valores faltantes con metadatos institucionales"
"BEBE hemorragia pulmonar","BEBE hemorragia pulmonar","entero","rango observado: 0–1","REVISION_MANUAL","Base SIP disponible: Adolescentes.csv","Ninguna en la base fuente; limpieza de espacios solo en encabezados","REVISION_MANUAL: confirmar etiqueta, codificación, unidad y valores faltantes con metadatos institucionales"
"BEBE SEPSIS","BEBE SEPSIS","entero","rango observado: 0–1","REVISION_MANUAL","Base SIP disponible: Adolescentes.csv","Ninguna en la base fuente; limpieza de espacios solo en encabezados","REVISION_MANUAL: confirmar etiqueta, codificación, unidad y valores faltantes con metadatos institucionales"
"BEBE hemorragia intracraneal","BEBE hemorragia intracraneal","entero","rango observado: 0–1","REVISION_MANUAL","Base SIP disponible: Adolescentes.csv","Ninguna en la base fuente; limpieza de espacios solo en encabezados","REVISION_MANUAL: confirmar etiqueta, codificación, unidad y valores faltantes con metadatos institucionales"
"BEBE hemorragia Intraventricular","BEBE hemorragia Intraventricular","entero","rango observado: 0–1","REVISION_MANUAL","Base SIP disponible: Adolescentes.csv","Ninguna en la base fuente; limpieza de espacios solo en encabezados","REVISION_MANUAL: confirmar etiqueta, codificación, unidad y valores faltantes con metadatos institucionales"
"BEBE CONVULSIONES","BEBE CONVULSIONES","entero","rango observado: 0–1","REVISION_MANUAL","Base SIP disponible: Adolescentes.csv","Ninguna en la base fuente; limpieza de espacios solo en encabezados","REVISION_MANUAL: confirmar etiqueta, codificación, unidad y valores faltantes con metadatos institucionales"
"BEBE apnea","BEBE apnea","entero","rango observado: 0–1","REVISION_MANUAL","Base SIP disponible: Adolescentes.csv","Ninguna en la base fuente; limpieza de espacios solo en encabezados","REVISION_MANUAL: confirmar etiqueta, codificación, unidad y valores faltantes con metadatos institucionales"
"BEBE CIANOSIS","BEBE CIANOSIS","entero","rango observado: 0–1","REVISION_MANUAL","Base SIP disponible: Adolescentes.csv","Ninguna en la base fuente; limpieza de espacios solo en encabezados","REVISION_MANUAL: confirmar etiqueta, codificación, unidad y valores faltantes con metadatos institucionales"
"BEBE encefalopatia hipoxica","BEBE encefalopatia hipoxica","entero","rango observado: 0–1","REVISION_MANUAL","Base SIP disponible: Adolescentes.csv","Ninguna en la base fuente; limpieza de espacios solo en encabezados","REVISION_MANUAL: confirmar etiqueta, codificación, unidad y valores faltantes con metadatos institucionales"
"BEBE Hipoglicemia","BEBE Hipoglicemia","entero","rango observado: 0–1","REVISION_MANUAL","Base SIP disponible: Adolescentes.csv","Ninguna en la base fuente; limpieza de espacios solo en encabezados","REVISION_MANUAL: confirmar etiqueta, codificación, unidad y valores faltantes con metadatos institucionales"
"BEBE DISPLASIA BRONCOPULMONAR","BEBE DISPLASIA BRONCOPULMONAR","entero","rango observado: 0–1","REVISION_MANUAL","Base SIP disponible: Adolescentes.csv","Ninguna en la base fuente; limpieza de espacios solo en encabezados","REVISION_MANUAL: confirmar etiqueta, codificación, unidad y valores faltantes con metadatos institucionales"
"BEBE cefalohematoma","BEBE cefalohematoma","entero","rango observado: 0–1","REVISION_MANUAL","Base SIP disponible: Adolescentes.csv","Ninguna en la base fuente; limpieza de espacios solo en encabezados","REVISION_MANUAL: confirmar etiqueta, codificación, unidad y valores faltantes con metadatos institucionales"
"BEBE acido-base","BEBE acido-base","entero","rango observado: 0–1","REVISION_MANUAL","Base SIP disponible: Adolescentes.csv","Ninguna en la base fuente; limpieza de espacios solo en encabezados","REVISION_MANUAL: confirmar etiqueta, codificación, unidad y valores faltantes con metadatos institucionales"
"BEBE trastrono coagulacion","BEBE trastrono coagulacion","entero","rango observado: 0–1","REVISION_MANUAL","Base SIP disponible: Adolescentes.csv","Ninguna en la base fuente; limpieza de espacios solo en encabezados","REVISION_MANUAL: confirmar etiqueta, codificación, unidad y valores faltantes con metadatos institucionales"
"BEBE neumonia","BEBE neumonia","entero","rango observado: 0–1","REVISION_MANUAL","Base SIP disponible: Adolescentes.csv","Ninguna en la base fuente; limpieza de espacios solo en encabezados","REVISION_MANUAL: confirmar etiqueta, codificación, unidad y valores faltantes con metadatos institucionales"
"BEBE trauma obstetrico","BEBE trauma obstetrico","entero","rango observado: 0–1","REVISION_MANUAL","Base SIP disponible: Adolescentes.csv","Ninguna en la base fuente; limpieza de espacios solo en encabezados","REVISION_MANUAL: confirmar etiqueta, codificación, unidad y valores faltantes con metadatos institucionales"
"BEBE TAQUIPNEA TRANSITORIA","BEBE TAQUIPNEA TRANSITORIA","entero","rango observado: 0–1","REVISION_MANUAL","Base SIP disponible: Adolescentes.csv","Ninguna en la base fuente; limpieza de espacios solo en encabezados","REVISION_MANUAL: confirmar etiqueta, codificación, unidad y valores faltantes con metadatos institucionales"
"BEBE POLICITEMIA","BEBE POLICITEMIA","entero","rango observado: 0–1","REVISION_MANUAL","Base SIP disponible: Adolescentes.csv","Ninguna en la base fuente; limpieza de espacios solo en encabezados","REVISION_MANUAL: confirmar etiqueta, codificación, unidad y valores faltantes con metadatos institucionales"
"BEBE Membrana hialina","BEBE Membrana hialina","entero","rango observado: 0–1","REVISION_MANUAL","Base SIP disponible: Adolescentes.csv","Ninguna en la base fuente; limpieza de espacios solo en encabezados","REVISION_MANUAL: confirmar etiqueta, codificación, unidad y valores faltantes con metadatos institucionales"
"BEBE Ictericia","BEBE Ictericia","entero","rango observado: 0–1","REVISION_MANUAL","Base SIP disponible: Adolescentes.csv","Ninguna en la base fuente; limpieza de espacios solo en encabezados","REVISION_MANUAL: confirmar etiqueta, codificación, unidad y valores faltantes con metadatos institucionales"
"BEBE Enterocolitis necrotizante","BEBE Enterocolitis necrotizante","entero","rango observado: 0–1","REVISION_MANUAL","Base SIP disponible: Adolescentes.csv","Ninguna en la base fuente; limpieza de espacios solo en encabezados","REVISION_MANUAL: confirmar etiqueta, codificación, unidad y valores faltantes con metadatos institucionales"
"BEBE Dificultad respiratoria","BEBE Dificultad respiratoria","texto/categórico","0 | 1 | s","REVISION_MANUAL","Base SIP disponible: Adolescentes.csv","Ninguna en la base fuente; limpieza de espacios solo en encabezados","REVISION_MANUAL: confirmar etiqueta, codificación, unidad y valores faltantes con metadatos institucionales"
"BEBE Trastorno alimenticio","BEBE Trastorno alimenticio","entero","rango observado: 0–1","REVISION_MANUAL","Base SIP disponible: Adolescentes.csv","Ninguna en la base fuente; limpieza de espacios solo en encabezados","REVISION_MANUAL: confirmar etiqueta, codificación, unidad y valores faltantes con metadatos institucionales"
"BEBE ANEMIA","BEBE ANEMIA","entero","rango observado: 0–1","REVISION_MANUAL","Base SIP disponible: Adolescentes.csv","Ninguna en la base fuente; limpieza de espacios solo en encabezados","REVISION_MANUAL: confirmar etiqueta, codificación, unidad y valores faltantes con metadatos institucionales"
"BEBE ASFIXIA","BEBE ASFIXIA","entero","rango observado: 0–1","REVISION_MANUAL","Base SIP disponible: Adolescentes.csv","Ninguna en la base fuente; limpieza de espacios solo en encabezados","REVISION_MANUAL: confirmar etiqueta, codificación, unidad y valores faltantes con metadatos institucionales"
"Preeclampsia actual","Preeclampsia actual","entero","rango observado: 0–1","REVISION_MANUAL","Base SIP disponible: Adolescentes.csv","Ninguna en la base fuente; limpieza de espacios solo en encabezados","REVISION_MANUAL: confirmar etiqueta, codificación, unidad y valores faltantes con metadatos institucionales"
"Eclampsia actual","Eclampsia actual","entero","rango observado: 0–1","REVISION_MANUAL","Base SIP disponible: Adolescentes.csv","Ninguna en la base fuente; limpieza de espacios solo en encabezados","REVISION_MANUAL: confirmar etiqueta, codificación, unidad y valores faltantes con metadatos institucionales"
"HTA inducida actual","HTA inducida actual","entero","rango observado: 0–1","REVISION_MANUAL","Base SIP disponible: Adolescentes.csv","Ninguna en la base fuente; limpieza de espacios solo en encabezados","REVISION_MANUAL: confirmar etiqueta, codificación, unidad y valores faltantes con metadatos institucionales"
"TRASTORNOS HIPERTENSIVOS CATEGORIA","TRASTORNOS HIPERTENSIVOS CATEGORIA","texto/categórico"," | ECLAMPSIA | ECLAMPSIA  | HTA inducida | HTA INDUCIDA | NINGUNO | PREECLAMPSIA","REVISION_MANUAL","Base SIP disponible: Adolescentes.csv","Ninguna en la base fuente; limpieza de espacios solo en encabezados","REVISION_MANUAL: confirmar etiqueta, codificación, unidad y valores faltantes con metadatos institucionales"
"DIABETES EMBARAZO","DIABETES EMBARAZO","texto/categórico","G | I | II | no","REVISION_MANUAL","Base SIP disponible: Adolescentes.csv","Ninguna en la base fuente; limpieza de espacios solo en encabezados","REVISION_MANUAL: confirmar etiqueta, codificación, unidad y valores faltantes con metadatos institucionales"
"Cardiopatía materna","Cardiopatía materna","texto/categórico","0 | 1 | no | si","REVISION_MANUAL","Base SIP disponible: Adolescentes.csv","Ninguna en la base fuente; limpieza de espacios solo en encabezados","REVISION_MANUAL: confirmar etiqueta, codificación, unidad y valores faltantes con metadatos institucionales"
